id,name,yearpublished
366013,Heat: Pedal to the Metal,2022
285774,Marvel Champions: The Card Game,2019
365717,Clank!: Catacombs,2022
390092,Ticket to Ride Legacy: Legends of the West,2023
175914,Food Chain Magnate,2015
247763,Underwater Cities,2018
256960,Pax Pamir: Second Edition,2019
414317,Harmonies,2024
253344,Cthulhu: Death May Die,2019
383179,Age of Innovation,2023
184267,On Mars,2020
314040,Pandemic Legacy: Season 0,2020
185343,Anachrony,2017
102794,Caverna: The Cave Farmers,2013
251661,Oathsworn: Into the Deepwood,2022
240980,Blood on the Clocktower,2022
170216,Blood Rage,2015
231733,Obsession,2018
182874,Grand Austria Hotel,2015
161533,Lisboa,2017
371942,The White Castle,2023
436217,The Lord of the Rings: Fate of the Fellowship,2025
380607,Great Western Trail: New Zealand,2023
221107,Pandemic Legacy: Season 2,2017
255984,Sleeping Gods,2021
367966,Endeavor: Deep Sea,2024
126163,Tzolk'in: The Mayan Calendar,2012
216132,Clans of Caledonia,2017
205059,Mansions of Madness: Second Edition,2016
266810,Paladins of the West Kingdom,2019
337627,Voidfall,2023
35677,Le Havre,2008
124742,Android: Netrunner,2012
125153,The Gallerist,2015
200680,Agricola (Revised Edition),2016
164153,Star Wars: Imperial Assault,2014
366161,Wingspan Asia,2022
322289,Darwin's Journey,2023
413246,Bomb Busters,2024
276025,Maracaibo,2019
209010,Mechs vs. Minions,2016
332772,Revive,2022
28143,Race for the Galaxy,2007
55690,Kingdom Death: Monster,2015
157354,Five Tribes: The Djinns of Naqala,2014
277659,Final Girl,2021
359871,Arcs,2024
201808,Clank!: A Deck-Building Adventure,2016
93,El Grande,1995
159675,Fields of Arle,2014
256916,Concordia Venus,2018
72125,Eclipse: New Dawn for the Galaxy,2011
291453,SCOUT,2019
191189,Aeon's End,2016
359609,Arkham Horror: The Card Game (Revised Core Set),2021
229853,Teotihuacan: City of Gods,2018
391137,Galactic Cruise,2025
364073,Splendor Duel,2022
317985,Beyond the Sun,2020
12,Ra,1999
279537,The Search for Planet X,2020
62219,Dominant Species,2010
225694,Decrypto,2018
25613,Through the Ages: A Story of Civilization,2006
121921,Robinson Crusoe: Adventures on the Cursed Island,2012
171623,The Voyages of Marco Polo,2015
217372,The Quest for El Dorado,2017
163068,Trickerion: Legends of Illusion,2015
410201,Wyrmspan,2024
155821,Inis,2016
37111,Battlestar Galactica: The Board Game,2008
310873,Carnegie,2022
271055,Dwellings of Eldervale,2020
310100,Nemesis: Lockdown,2022
236457,Architects of the West Kingdom,2018
42,Tigris & Euphrates,1997
227935,Wonderland's War,2022
40834,Dominion: Intrigue,2009
396790,Nucleum,2023
122515,Keyflower,2012
170042,Raiders of the North Sea,2015
264220,Tainted Grail: The Fall of Avalon,2019
4098,Age of Steam,2002
146021,Eldritch Horror,2013
18602,Caylus,2005
73439,Troyes,2010
203993,Lorenzo il Magnifico,2016
429293,The Lord of the Rings: The Fellowship of the Ring – Trick-Taking Game,2025
269385,The Lord of the Rings: Journeys in Middle-Earth,2019
172386,Mombasa,2015
43015,Hansa Teutonica,2009
163412,Patchwork,2014
102680,Trajan,2011
218417,Aeon's End: War Eternal,2017
12493,Twilight Imperium: Third Edition,2005
391163,Forest Shuffle,2023
144733,Russian Railroads,2013
205896,Rising Sun,2018
175640,Vinhos: Deluxe Edition,2016
196340,Yokohama,2016
254640,Just One,2018
175155,Forbidden Stars,2015
325494,ISS Vanguard,2022
198928,Iberia,2016
233371,Clank! In! Space!: A Deck-Building Adventure,2017
189932,Tyrants of the Underdark,2016
258779,Planet Unknown,2022
180263,The 7th Continent,2017
235802,Too Many Bones: Undertow,2018
172287,Champions of Midgard,2015
400602,Civolution,2024
220877,Rajas of the Ganges,2017
463,Magic: The Gathering,1993
358661,Andromeda's Edge,2024
304783,Hadrian's Wall,2021
356080,The Elder Scrolls: Betrayal of the Second Era,2025
132531,Roll for the Galaxy,2014
118048,Targi,2012
209418,Dominion: Second Edition,2016
147020,Star Realms,2014
266524,Parks,2019
161970,Alchemists,2014
249259,War Chest,2018
268864,Undaunted: Normandy,2019
263918,Cartographers,2019
262712,Res Arcana,2019
271324,It's a Wonderful World,2019
77423,The Lord of the Rings: The Card Game,2011
274364,Watergate,2019
294484,Unmatched: Cobble & Fog,2020
271896,Star Wars: Outer Rim,2019
308765,Praga Caput Regni,2020
328871,Terraforming Mars: Ares Expedition,2021
420033,Vantage,2025
364011,Great Western Trail: Argentina,2022
82222,Xia: Legends of a Drift System,2014
296151,Viscounts of the West Kingdom,2020
316377,7 Wonders (Second Edition),2020
281259,The Isle of Cats,2019
146652,Legendary Encounters: An Alien Deck Building Game,2014
54043,Jaipur,2009
127023,Kemet,2012
244522,That's Pretty Clever!,2018
2511,Sherlock Holmes Consulting Detective: The Thames Murders & Other Cases,1981
265188,Glen More II: Chronicles,2019
103885,Star Wars: X-Wing Miniatures Game,2012
283948,Marco Polo II: In the Service of the Khan,2019
233398,Endeavor: Age of Sail,2018
350184,Earth,2023
329082,Radlands,2021
283355,Dune,2019
339789,Welcome to the Moon,2021
233867,Welcome To...,2018
332686,John Company: Second Edition,2022
374173,Star Wars: The Deckbuilding Game,2023
416851,Castle Combo,2024
43111,Chaos in the Old World,2009
314491,Meadow,2021
188920,This War of Mine: The Board Game,2017
118,Modern Art,1992
9609,War of the Ring,2004
10630,Memoir '44,2004
227224,The Red Cathedral,2020
342070,Thunder Road: Vendetta,2023
199561,Sagrada,2017
242302,Space Base,2018
256680,Return to Dark Tower,2022
400366,Wondrous Creatures,2024
104162,Descent: Journeys in the Dark (Second Edition),2012
39463,Cosmic Encounter,2008
299659,Clash of Cultures: Monumental Edition,2021
25021,Sekigahara: The Unification of Japan,2011
300531,Paleo,2020
155426,Castles of Mad King Ludwig,2014
188,Go,-2200
375459,Speakeasy,2025
103343,A Game of Thrones: The Board Game (Second Edition),2011
31627,Ticket to Ride: Nordic Countries,2007
287954,Azul: Summer Pavilion,2019
17133,Railways of the World,2005
282524,Horrified,2019
367150,Dune: War for Arrakis,2024
70149,Ora et Labora,2011
171131,Captain Sonar,2016
104006,Village,2011
269207,The Taverns of Tiefenthal,2019
123260,Suburbia,2012
215,Tichu,1991
14105,Commands & Colors: Ancients,2006
150376,Dead of Winter: A Crossroads Game,2014
367220,Sea Salt & Paper,2022
285967,Ankh: Gods of Egypt,2021
385761,Faraway,2023
241451,Aeon's End: Legacy,2019
293014,Nidavellir,2020
7854,YINSH,2003
165722,KLASK,2014
245638,Coimbra,2018
306735,Under Falling Skies,2020
182631,Star Realms: Colony Wars,2015
91,Paths of Glory,1999
188834,Secret Hitler,2016
260605,Camel Up (Second Edition),2018
329839,So Clover!,2021
295486,My City,2020
283155,Calico,2020
54998,Cyclades,2009
126042,Nations,2013
223040,Fantasy Realms,2017
224037,Codenames: Duet,2017
295895,Distilled,2023
232832,Century: Golem Edition,2017
146886,La Granja,2014
21050,Combat Commander: Europe,2006
195421,Near and Far,2017
158600,Hanamikoji,2013
221194,Dinosaur Island,2017
129437,Legendary: A Marvel Deck Building Game,2012
351913,Tiletum,2022
3,Samurai,1998
192291,Sushi Go Party!,2016
199478,Flamme Rouge,2016
232405,Western Legends,2018
150145,Skull King,2013
176189,Zombicide: Black Plague,2015
176494,Isle of Skye: From Chieftain to King,2015
274637,"Unmatched: Battle of Legends, Volume One",2019
318977,MicroMacro: Crime City,2020
19857,Glory to Rome,2005
311193,Anno 1800: The Board Game,2020
286096,Tapestry,2019
284189,Foundations of Rome,2022
169426,Roll Player,2016
224783,Vindication,2018
270633,Aeon's End: The New Age,2019
300322,Hallertau,2020
156546,Monikers,2015
329500,Unconscious Mind,2024
555,The Princes of Florence,2000
323612,Bitoku,2021
198994,Hero Realms,2016
19777,Indonesia,2005
297562,Kemet: Blood and Sand,2021
228341,Pulsar 2849,2017
277085,Love Letter,2019
194655,Santorini,2016
421,1830: Railways & Robber Barons,1986
381248,Nemesis: Retaliation,2025
9216,Goa,2004
109276,Kanban: Driver's Edition,2014
230253,Star Realms: Frontiers,2018
20551,Shogun,2006
31481,Galaxy Trucker,2007
128621,Viticulture,2013
284653,Mind MGMT: The Psychic Espionage “Game.”,2021
400314,Apiary,2023
244271,Dice Throne: Season Two – Battle Chest,2018
356123,Turing Machine,2022
349067,The Lord of the Rings: The Card Game – Revised Core Set,2022
331106,The Witcher: Old World,2023
446497,Hot Streak,2025
370591,Dorfromantik: The Board Game,2022
204583,Kingdomino,2016
127060,Bora Bora,2013
760,Battle Line,2000
291572,Oath,2021
298047,Marvel United,2020
140620,Lewis & Clark: The Expedition,2013
2655,Hive,2001
434654,Toy Battle,2025
27708,1960: The Making of the President,2007
206718,Ethnos,2017
318184,Imperium: Classics,2021
262211,Cloudspire,2019
246784,Cryptid,2018
144344,Rococo,2013
305096,Endless Winter: Paleoamericans,2022
223321,Detective: A Modern Crime Board Game,2018
27833,Steam,2009
342810,Marrakesh,2022
350316,Wayfarers of the South Tigris,2022
385529,The Vale of Eternity,2023
139976,Cthulhu Wars,2015
239188,Chronicles of Crime,2018
46213,Telestrations,2009
108745,Seasons,2012
332800,Summoner Wars (Second Edition),2021
257499,Arkham Horror (Third Edition),2018
172,For Sale,1997
333255,Keep the Heroes Out!,2022
146508,T.I.M.E Stories,2015
160477,Onitama,2014
111341,The Great Zimbabwe,2012
276182,Dead Reckoning,2022
350933,The Guild of Merchant Explorers,2022
5,Acquire,1963
302723,Forgotten Waters,2020
295374,Long Shot: The Dice Game,2022
308119,Pax Renaissance: 2nd Edition,2021
155068,Arcadia Quest,2014
66589,Navegador,2010
411567,The Gang,2024
176734,The Manhattan Project: Energy Empire,2016
345972,Cat in the Box: Deluxe Edition,2022
319966,The King Is Dead: Second Edition,2020
24181,Imperial,2006
311988,Frostpunk: The Board Game,2022
97207,Dungeon Petz,2011
354934,Legacy of Yu,2023
63888,Innovation,2010
379078,Expeditions,2023
417197,Rebirth,2024
2653,Survive: Escape from Atlantis!,1982
260180,Project L,2020
47,Chinatown,1999
54,Tikal,1999
38453,Space Alert,2008
234277,Nusfjord,2017
184921,Bunny Kingdom,2017
209685,Century: Spice Road,2017
22545,Age of Empires III: The Age of Discovery,2007
136888,Bruges,2013
143693,Glass Road,2013
202426,Sidereal Confluence,2017
227789,Heaven & Ale,2017
384213,Fromage,2024
163967,Tiny Epic Galaxies,2015
245655,The King's Dilemma,2019
155873,Power Grid Deluxe: Europe/North America,2014
301880,Raiders of Scythia,2020
154203,Imperial Settlers,2014
271601,Feed the Kraken,2022
408180,Shackleton Base: A Journey to the Moon,2024
336986,Flamecraft,2022
181279,Fury of Dracula (Third/Fourth Edition),2015
336382,Marvel United: X-Men,2021
54138,Imperial 2030,2009
219650,Arydia: The Paths We Dare Tread,2025
454103,Magical Athlete,2025
40692,Small World,2009
188866,Awkward Guests: The Walton Case,2016
187617,Nemo's War (Second Edition),2017
93260,Summoner Wars: Master Set,2011
397385,Pirates of Maracaibo,2023
318084,Furnace,2020
285192,Destinies,2021
48726,Alien Frontiers,2010
246192,Gizmos,2018
59294,Runewars,2010
304420,Bonfire,2020
21241,Neuroshima Hex,2006
203420,EXIT: The Game – The Abandoned Cabin,2016
172081,Burgle Bros.,2015
345584,Mindbug: First Contact,2022
25292,Merchants & Marauders,2010
247367,"Air, Land, & Sea",2019
368173,Let's Go! To Japan,2024
274638,Unmatched: Robin Hood vs. Bigfoot,2019
219513,Bärenpark,2017
172818,Above and Below,2015
436126,Finspan,2025
193037,Dead of Winter: The Long Night,2016
77130,Sid Meier's Civilization: The Board Game,2010
128271,Ginkgopolis,2012
176920,Mission: Red Planet (Second/Third Edition),2015
372,Schotten Totten,1999
297030,Tekhenu: Obelisk of the Sun,2020
40354,Maria,2009
140934,Arboretum,2015
334986,Daybreak,2023
59959,Letters from Whitechapel,2011
155987,Abyss,2014
70919,Takenoko,2011
45315,Dungeon Lords,2009
351040,Ready Set Bet,2022
13122,Antiquity,2004
8217,San Juan,2004
357563,Akropolis,2022
334590,For Northwood! A Solo Trick-Taking Game,2021
246684,Smartphone Inc.,2018
90137,Blood Bowl: Team Manager – The Card Game,2011
245934,Carpe Diem,2018
199042,Harry Potter: Hogwarts Battle,2016
319910,Pagan: Fate of Roanoke,2022
318182,Imperium: Legends,2021
303057,Pan Am,2020
552,Bus,1999
315767,Cartographers Heroes,2021
195539,The Godfather: Corleone's Empire,2017
146439,BattleLore: Second Edition,2013
119890,Agricola: All Creatures Big and Small,2012
37046,Ghost Stories,2008
342900,Earthborne Rangers,2023
386368,Ezra and Nehemiah,2024
269210,Twice as Clever!,2019
25554,Notre Dame,2007
24480,The Pillars of the Earth,2006
284742,Honey Buzz,2020
290484,Unsettled,2021
244711,Newton,2018
206480,Imperial Struggle,2020
177478,IKI,2015
335764,"Unmatched: Battle of Legends, Volume Two",2021
385610,Kutná Hora: The City of Silver,2023
260428,Fall of Rome,2018
365258,World Wonders,2023
163745,Star Wars: Armada,2015
368305,Life of the Amazonia,2023
367498,Horizons of Spirit Island,2022
234487,Altiplano,2017
15987,Arkham Horror,2005
250458,Gùgōng,2018
318243,Hitster,2022
322708,Descent: Legends of the Dark,2021
39683,At the Gates of Loyang,2009
367041,Scholars of the South Tigris,2023
352515,Trio,2021
9217,Saint Petersburg,2004
192458,51st State: Master Set,2016
343905,Boonlake,2021
234,Hannibal: Rome vs. Carthage,1996
92415,Skull,2011
222509,Lords of Hellas,2018
379629,Knarr,2023
286751,Zombicide: 2nd Edition,2021
194594,Dice Forge,2017
381297,Unmatched Adventures: Tales to Amaze,2023
236191,London (Second Edition),2017
315610,Massive Darkness 2: Hellscape,2022
101721,Mage Wars Arena,2012
316412,The LOOP,2020
258210,Blitzkrieg!: World War Two in 20 Minutes,2019
198773,Codenames: Pictures,2016
128671,Spartacus: A Game of Blood and Treachery,2012
420087,Flip 7,2024
31594,In the Year of the Dragon,2007
256226,Azul: Stained Glass of Sintra,2018
298069,Cubitos,2021
21348,Ticket to Ride: Märklin,2006
215311,Downforce,2017
328565,Caper: Europe,2022
356033,Libertalia: Winds of Galecrest,2022
34219,Biblios,2007
33160,Endeavor,2009
292375,The Great Wall,2021
138161,Firefly: The Game,2013
166669,San Juan (Second Edition),2014
293141,King of Tokyo: Dark Edition,2020
1,Die Macher,1986
404431,Men-Nefer,2024
265736,Tiny Towns,2019
425549,Moon Colony Bloodbath,2025
150,PitchCar,1995
151347,Millennium Blades,2016
220,High Society,1995
503,Through the Desert,1998
144592,Bruxelles 1893,2013
355093,Woodcraft,2022
325635,Unmatched: Little Red Riding Hood vs. Beowulf,2020
262543,Wavelength,2019
338834,MicroMacro: Crime City – Full House,2021
71,Civilization,1980
156858,Black Orchestra,2016
182134,Evolution: Climate,2016
229220,Santa Maria,2017
66188,Fresco,2010
422732,Agent Avenue,2024
100901,Flash Point: Fire Rescue,2011
434367,Nippon: Zaibatsu,2026
11,Bohnanza,1997
353288,Trekking Through History,2022
186751,Mythic Battles: Pantheon,2017
251658,Sprawlopolis,2018
170771,Sword & Sorcery: Immortal Souls,2017
27162,Kingsburg,2007
17392,Here I Stand,2006
154809,Nippon,2015
54625,Space Hulk (Third Edition),2009
18833,The Lord of the Rings: The Confrontation,2005
55670,Macao,2009
62222,Commands & Colors: Napoleonics,2010
12942,No Thanks!,2004
371330,Luthier,2025
307002,Regicide,2020
192153,Reign of Cthulhu,2016
158899,Colt Express,2014
144189,Fire in the Lake,2014
204305,Sherlock Holmes Consulting Detective: Jack the Ripper & West End Adventures,2016
161614,Stockpile,2015
383607,Barcelona,2023
295564,Unmatched Game System,2019
359438,Skymines,2022
124708,Mice and Mystics,2012
424219,Zenith,2025
205398,Citadels,2016
264241,Mandala,2019
40765,Clash of Cultures,2012
216600,Fantastic Factories,2019
63628,The Manhattan Project,2012
290359,Undaunted: North Africa,2020
11170,Heroscape Master Set: Rise of the Valkyrie,2004
283393,Aquatica,2019
269144,Hadara,2019
175095,Dawn of the Zeds (Third Edition),2016
96913,Lancaster,2011
256952,Zombie Kidz Evolution,2018
293296,Splendor: Marvel,2020
36932,Claustrophobia,2009
121,Dune,1979
353545,Next Station: London,2022
242705,Aeon Trespass: Odyssey,2022
243,Advanced Squad Leader,1985
215341,Thunderstone Quest,2018
176396,Quadropolis,2016
66362,Glen More,2010
239942,Black Rose Wars,2019
478,Citadels,2000
79828,A Few Acres of Snow,2011
406652,Compile: Main 1,2024
43570,Friday,2011
169427,Middara: Unintentional Malum – Act 1,2019
194607,Mystic Vale,2016
15062,Shadows over Camelot,2005
180974,Potion Explosion,2015
256730,Pipeline,2019
290236,Canvas,2021
20437,Lords of Vegas,2010
371433,Terrorscape,2023
270844,Imperial Settlers: Empires of the North,2019
274960,Point Salad,2019
5404,Amun-Re,2003
136063,Forbidden Desert,2013
226522,EXIT: The Game – Dead Man on the Orient Express,2017
340466,Unfathomable,2021
21790,Thurn and Taxis,2006
233312,Stuffed Fables,2018
137408,Amerigo,2013
162082,Deus,2014
6249,Alhambra,2003
157969,Sheriff of Nottingham,2014
25417,BattleLore,2006
348450,Lacrimosa,2022
193042,Junk Art,2016
440540,Take Time,2025
150658,Pandemic: The Cure,2014
83330,Mansions of Madness,2011
266830,QE,2019
415776,Kingdom Legacy: Feudal Kingdom,2024
336794,Galaxy Trucker (Second Edition),2021
424981,Eternal Decks,2025
240196,Betrayal Legacy,2018
191862,Imhotep,2016
117959,Las Vegas,2012
17226,Descent: Journeys in the Dark,2005
318009,Dinosaur Island: Rawr 'n Write,2021
105134,Risk Legacy,2011
387866,Star Wars: Unlimited,2024
284435,Nova Luna,2019
84419,Space Empires 4X,2011
712,Blood Bowl (Third Edition),1994
142379,Escape Plan,2019
156009,Port Royal,2014
245654,Railroad Ink: Deep Blue Edition,2018
232414,Oceans,2020
380619,Cyclades: Legendary Edition,2024
197376,Charterstone,2017
144797,Argent: The Consortium,2015
9674,Ingenious,2004
357873,The Old King's Crown,2025
218074,Detective: City of Angels,2019
177639,Raptor,2015
153938,Camel Up,2014
28023,Jamaica,2007
341945,La Granja: Deluxe Master Set,2023
91312,Discworld: Ankh-Morpork,2011
31999,TZAAR,2007
97786,Small World Underground,2011
62227,"Labyrinth: The War on Terror, 2001 – ?",2010
31730,Wabash Cannonball,2007
18,RoboRally,1994
252328,Star Wars: X-Wing (Second Edition),2018
170624,Crusaders: Thy Will Be Done,2018
196326,Love Letter: Premium Edition,2016
245961,Fleet: The Dice Game,2018
296237,Warp's Edge,2020
17405,1846: The Race for the Midwest,2005
133473,Sushi Go!,2013
128996,1775: Rebellion,2013
146791,Shadows of Brimstone: City of the Ancients,2014
307305,Bullet♥︎,2021
181530,Runebound (Third Edition),2015
262215,Blackout: Hong Kong,2018
125618,Libertalia,2012
172308,Broom Service,2015
280794,Etherfields,2020
171668,The Grizzled,2015
170561,Valeria: Card Kingdoms,2016
183251,Karuba,2015
432,Take 5,1994
97842,Last Will,2011
346965,Azul: Queen's Garden,2021
284777,Unmatched: Jurassic Park – InGen vs Raptors,2020
119506,Freedom: The Underground Railroad,2013
2346,DVONN,2001
264055,Draftosaurus,2019
163968,Elysium,2015
127398,Legends of Andor,2012
90419,Airlines Europe,2011
147949,One Night Ultimate Werewolf,2014
248490,Atlantis Rising (Second Edition),2019
362944,War of the Ring: The Card Game,2022
221965,The Fox in the Forest,2017
206941,First Class: All Aboard the Orient Express!,2016
346501,Mille Fiori,2021
27173,Vikings,2007
102652,Sentinels of the Multiverse,2011
15985,Blood Bowl: Living Rulebook,2004
4390,Carcassonne: Hunters and Gatherers,2002
256999,Project: ELITE,2020
328866,My Father's Work,2022
133848,Euphoria: Build a Better Dystopia,2013
22827,StarCraft: The Board Game,2007
65781,London,2010
15363,Nexus Ops,2005
475,Taj Mahal,2000
213460,Unlock!: Escape Adventures,2017
304051,Creature Comforts,2022
265402,In the Hall of the Mountain King,2019
105551,Archipelago,2012
699,HeroQuest,1989
34119,Tales of the Arabian Nights,2009
95527,Madeira,2013
354570,Undaunted: Stalingrad,2022
151022,Baseball Highlights: 2045,2015
281655,High Frontier 4 All,2020
345868,Federation,2022
347703,First Rat,2022
232043,Queendomino,2017
216734,Dice Throne: Season One,2018
237179,Weather Machine,2022
27746,Colosseum,2007
355483,Wandering Towers,2022
133038,Pathfinder Adventure Card Game: Rise of the Runelords – Base Set,2013
42215,Tobago,2009
46,Medici,1995
36553,Time's Up! Title Recall!,2008
23540,Shikoku 1889,2004
363247,Azul: Master Chocolatier,2022
403441,Windmill Valley,2024
130960,Triumph & Tragedy: European Balance of Power 1936-1945,2015
193949,Star Trek: Ascendancy,2016
266121,Unlock!: Heroic Adventures,2018
269511,Cooper Island,2019
337765,Brian Boru: High King of Ireland,2021
5782,Coloretto,2003
42052,Vinhos,2010
244115,Shards of Infinity,2018
369880,Beer & Bread,2022
298231,Skyrise,2024
159508,AquaSphere,2014
399941,River of Gold,2024
128780,Pax Porfiriana,2012
291845,Three Sisters,2022
286063,The 7th Citadel,2024
111799,Cuba Libre,2013
58421,Egizia,2009
444481,Star Wars: Battle of Hoth,2025
298383,Golem,2021
875,Roads & Boats,1999
370913,Star Wars: The Clone Wars,2022
329551,Mosaic: A Story of Civilization,2022
190082,Whitehall Mystery,2017
192836,The Colonists,2016
2398,Cribbage,1630
141572,Paperback,2014
244114,Yellow & Yangtze,2018
39351,Automobile,2009
153016,Telestrations: 12 Player Party Pack,2011
270673,Silver & Gold,2019
422541,Star Trek: Captain's Chair,2025
224710,Zombicide: Green Horde,2018
9625,Struggle of Empires,2004
334065,Verdant,2022
140603,Francis Drake,2013
434906,Tag Team,2025
30869,Thebes,2007
113924,Zombicide,2012
135779,A Fake Artist Goes to New York,2011
123123,BattleCON: Devastation of Indines,2013
347305,Inventions: Evolution of Ideas,2024
328479,Living Forest,2021
368061,Zoo Vadis,2023
41,Can't Stop,1980
13004,The Downfall of Pompeii,2004
273330,Bloodborne: The Board Game,2021
262941,Dominant Species: Marine,2021
6472,A Game of Thrones,2003
160010,Conan,2016
306040,Merv: The Heart of the Silk Road,2020
39938,Carson City,2009
10547,Betrayal at House on the Hill,2004
143519,Quantum,2013
37904,Formula D,2008
258036,Between Two Castles of Mad King Ludwig,2018
135219,The Battle of Five Armies,2014
180593,The Bloody Inn,2015
204472,Sub Terra,2017
42776,Gears of War: The Board Game,2011
155703,Evolution,2014
107529,Kingdom Builder,2011
456440,Cozy Stickerville,2026
316624,Stationfall,2023
171499,Cacao,2015
361545,Twilight Inscription,2022
1353,Time's Up!,1999
270239,Moonrakers,2020
326494,The Adventures of Robin Hood,2021
24508,Taluva,2006
306881,Railroad Ink Challenge: Lush Green Edition,2021
209778,Magic Maze,2017
100423,Elder Sign,2011
233247,Civilization: A New Dawn,2017
283864,Trails of Tucana,2019
174785,Mare Nostrum: Empires,2016
3685,Hammer of the Scots,2002
300905,Top Ten,2020
169255,A Game of Thrones: The Card Game (Second Edition),2015
3201,Lord of the Rings: The Confrontation,2002
300300,Chronicles of Crime: 1400,2020
214880,Chicago 1875: City of the Big Shoulders,2019
21763,Mr. Jack,2006
441696,Sanctuary,2025
205359,Star Wars: Destiny,2016
271518,Disney Villainous: Wicked to the Core,2019
163839,Feudum,2018
346703,7 Wonders: Architects,2021
447243,Duel for Cardia,2025
163166,One Night Ultimate Werewolf: Daybreak,2015
266164,Babylonia,2019
338957,Caesar!: Seize Rome in 20 Minutes!,2021
202670,Ticket to Ride: Rails & Sails,2016
218603,Photosynthesis,2017
373600,Cthulhu: Death May Die – Fear of the Unknown,2024
29603,D-Day at Omaha Beach,2009
296912,Fort,2020
69789,Ascension: Deckbuilding Game,2010
212445,Blood Bowl (2016 Edition),2016
279613,Unlock!: Timeless Adventures,2019
267609,Guards of Atlantis II,2022
121408,Trains,2012
132018,Churchill,2015
358737,Leviathan Wilds,2024
367518,Imperium: Horizons,2024
2955,Mexica,2002
193558,The Oracle of Delphi,2016
249381,The Estates,2018
113294,Escape: The Curse of the Temple,2012
303731,Primal: The Awakening,2024
242639,Treasure Island,2018
283863,The Magnificent,2019
254708,Roll Player Adventures,2021
220517,The Shipwreck Arcana,2017
358320,Sleeping Gods: Distant Skies,2023
394106,Everdell Farshore,2023
1513,The Republic of Rome,1990
148729,Maquis,2013
231581,AuZtralia,2018
363307,Evergreen,2022
180511,Shakespeare,2015
420498,Unstoppable,2025
88,Torres,1999
301255,Whistle Mountain,2020
318560,Witchstone,2021
284760,Disney Villainous: Evil Comes Prepared,2019
183840,Oh My Goods!,2015
331787,Tiny Epic Dungeons,2021
123540,Tokaido,2012
71721,Space Hulk: Death Angel – The Card Game,2010
241590,Smart10,2017
198953,Pax Renaissance,2016
1465,Wizard,1984
58281,Summoner Wars,2009
30380,Cuba,2007
167400,Ashes Reborn: Rise of the Phoenixborn,2015
7717,Carcassonne: The Castle,2003
156336,Onirim (Second Edition),2014
119432,Snowdonia,2012
244608,Menara,2018
20100,Wits & Wagers,2005
352418,Fliptown,2023
299169,Spicy,2020
168584,Love Letter: Batman,2015
50750,Belfort,2011
393429,Critter Kitchen,2025
45,Perudo,1800
213893,Yamataï,2017
351817,Marvel Zombies: A Zombicide Game,2023
238799,Messina 1347,2021
154825,Arkwright,2014
280480,Crystal Palace,2019
407297,River Valley Glassworks,2024
70512,Luna,2010
257501,KeyForge: Call of the Archons,2018
183562,Star Wars: X-Wing Miniatures Game – The Force Awakens Core Set,2015
393325,Captain Flip,2024
385331,Creature Caravan,2024
270970,Century: A New World,2019
126792,Myrmes,2012
146278,Tash-Kalar: Arena of Legends,2013
483,Diplomacy,1959
316546,Clever Cubed,2020
143741,BANG! The Dice Game,2013
165401,Wir sind das Volk!,2014
203416,EXIT: The Game – The Pharaoh's Tomb,2016
342444,Black Rose Wars: Rebirth,2023
281442,Trismegistus: The Ultimate Formula,2019
223770,Startups,2017
372559,Spots,2022
256788,Detective Club,2018
20963,Fury of Dracula (Second Edition),2005
255692,New Frontiers,2018
299684,Khôra: Rise of an Empire,2021
393672,Gloomhaven: Buttons & Bugs,2024
232219,Dragon Castle,2017
121288,Dixit: Journey,2012
15512,Diamant,2005
382843,Evacuation,2023
143515,Coal Baron,2013
158435,Dogs of War,2014
314503,Codex Naturalis,2021
134726,Smash Up: Awesome Level 9000,2013
168435,Between Two Cities,2015
16747,Tumblin' Dice,2004
73761,K2,2010
40628,Finca,2009
11825,Empire of the Sun: The Pacific War 1941-1945,2005
72321,The Networks: Primetime,2016
242574,Century: Eastern Wonders,2018
253499,A War of Whispers,2019
244331,Blue Lagoon,2018
226320,My Little Scythe,2018
21882,Blue Moon City,2006
264052,Circadians: First Light,2019
313889,Hoplomachus: Victorum,2023
218333,Rhino Hero: Super Battle,2017
162007,Steampunk Rally,2015
51,Ricochet Robots,1999
241724,Villagers,2019
65532,Defenders of the Realm,2010
244228,Reef,2018
387780,Rats of Wistar,2023
87890,Prêt-à-Porter,2010
276498,Paris: La Cité de la Lumière,2019
8125,Santiago,2003
155624,Specter Ops,2015
393333,Galileo Galilei,2024
332290,Stardew Valley: The Board Game,2021
173064,Leaving Earth,2015
181521,Warhammer Quest: The Adventure Card Game,2015
300877,New York Zoo,2020
422674,Saltfjord,2024
214029,SpaceCorp: 2025-2300AD,2018
15364,Vegas Showdown,2005
169654,Deep Sea Adventure,2014
22345,Yspahan,2006
150997,Shadows of Brimstone: Swamps of Death,2014
160495,ZhanGuo,2014
68425,Eminent Domain,2011
198740,Lovecraft Letter,2017
9823,Advanced Squad Leader: Starter Kit #1,2004
181687,The Pursuit of Happiness,2015
214887,CO₂: Second Chance,2018
338760,Imperial Steam,2021
73171,Earth Reborn,2010
271319,Las Vegas Royale,2019
220520,Caverna: Cave vs Cave,2017
231218,Black Sonata,2017
359970,Challengers!,2022
204516,878 Vikings: Invasions of England,2017
256382,Disney Villainous: The Worst Takes it All,2018
251678,Railroad Ink: Blazing Red Edition,2018
200147,Kanagawa,2016
294612,Unlock!: Epic Adventures,2019
239472,Abomination: The Heir of Frankenstein,2019
354544,Unmatched: Houdini vs. The Genie,2022
47185,Warhammer: Invasion,2009
218121,Dice Hospital,2018
377470,Sail,2023
116998,Thunderstone Advance: Towers of Ruin,2012
161417,Red7,2014
201825,Ex Libris,2017
31563,Middle-Earth Quest,2009
256570,Crown of Emara,2018
402676,Cities,2024
254386,Raccoon Tycoon,2018
299047,Disney Villainous: Perfectly Wretched,2020
198830,"Heroes of Land, Air & Sea",2018
3307,Wallenstein,2002
285984,Last Bastion,2019
194879,Not Alone,2016
387378,MLEM: Space Agency,2024
249277,Brazil: Imperial,2021
234477,Battle for Rokugan,2017
281549,Beast,2023
156943,Saint Petersburg (Second Edition),2014
277700,Merchants Cove,2021
179172,Unfair,2017
203417,EXIT: The Game – The Secret Lab,2016
175117,Celestia,2015
171273,FUSE,2015
43528,World Without End,2009
55600,Shipyard,2009
329845,Stella: Dixit Universe,2021
272739,Clinic: Deluxe Edition,2019
334011,A Gentle Rain,2021
131260,Qwixx,2012
162286,Super Motherload,2015
131287,Panamax,2014
422780,Mistborn: The Deckbuilding Game,2024
56692,Parade,2007
170416,Vast: The Crystal Caverns,2016
270314,Ohanami,2019
217780,Gentes,2017
2163,Space Hulk,1989
160499,King of New York,2014
395375,Art Society,2023
173442,Empires: Age of Discovery,2015
297129,Jekyll vs. Hyde,2021
219215,Werewords,2017
30645,Tammany Hall,2007
275467,Letter Jam,2019
196526,Coffee Roaster,2015
2093,Mahjong,1850
267319,Roam,2019
179275,One Deck Dungeon,2016
284818,Caylus 1303,2019
122298,Morels,2012
218479,Cerebria: The Inside World,2018
227460,Hannibal & Hamilcar,2018
317457,Dinosaur World,2021
12002,Jambo,2004
216459,The Lost Expedition,2017
197443,Fugitive,2017
192457,Cry Havoc,2016
176165,Dale of Merchants,2015
391795,Kinfire Delve: Vainglory's Grotto,2023
245643,Luxor,2018
91872,Dungeons & Dragons: The Legend of Drizzt Board Game,2011
230244,Black Angel,2019
268201,Dice Throne,2018
156566,Lords of Xidit,2014
420805,Black Forest,2024
137988,Zombicide Season 2: Prison Outbreak,2013
1035,Squad Leader,1977
296108,Terraforming Mars: The Dice Game,2023
295262,Sniper Elite: The Board Game,2022
65244,Forbidden Island,2010
239307,Unlock!: Secret Adventures,2017
228867,Unlock!: Mystery Adventures,2017
36235,The Duke,2013
402283,Courtisans,2024
234671,Pandemic: Rising Tide,2017
191051,Outlive,2017
252153,Tang Garden,2019
110277,Among the Stars,2012
281474,Lands of Galzyr,2022
374595,Kelp: Shark vs Octopus,2024
163602,XCOM: The Board Game,2015
528,ZÈRTZ,1999
228328,Rurik: Dawn of Kiev,2019
295293,The Thing: The Boardgame,2022
324090,Scarface 1920,2023
91514,Rhino Hero,2011
12891,Friedrich: Anniversary Edition,2004
352574,Fit to Print,2023
396989,Evenfall,2023
586,Up Front,1983
103886,Star Wars: The Card Game,2012
26990,Container,2007
137269,Spyrium,2013
41002,Vasco da Gama,2009
904,Nightmare Productions,2000
248065,Zombicide: Invader,2019
368058,The Wolves,2022
30957,Tribune: Primus Inter Pares,2007
112,Condottiere,1995
145659,Scoville,2014
239464,Palm Island,2018
327778,ito,2019
179803,Arcadia Quest: Inferno,2017
26997,1989: Dawn of Freedom,2012
12962,Reef Encounter,2004
329465,Red Rising,2021
210296,DinoGenics,2019
266722,Rumble Nation,2017
343562,Horrified: American Monsters,2021
235488,Istanbul: The Dice Game,2017
155362,Ca$h 'n Guns: Second Edition,2014
300217,Merchants of the Dark Road,2022
37380,Roll Through the Ages: The Bronze Age,2008
296345,Sherlock Holmes Consulting Detective: The Baker Street Irregulars,2020
25669,Qwirkle,2006
291508,Tiny Epic Dinosaurs,2020
381249,Rebel Princess,2023
53953,Thunderstone,2009
119788,Hyperborea,2014
425428,Survive The Island,2024
197405,Tak,2017
293207,Eila and Something Shiny,2021
438402,Forest Shuffle: Dartmoor,2025
172931,Outfoxed!,2014
29368,Last Night on Earth: The Zombie Game,2007
12902,Carcassonne: The City,2004
38996,Washington's War,2010
329873,Grove: 9 card solitaire game,2021
177590,"13 Days: The Cuban Missile Crisis, 1962",2015
326945,Castles of Mad King Ludwig: Collector's Edition,2022
28181,Combat Commander: Pacific,2008
11971,Cockroach Poker,2004
393165,Inferno,2024
1041,San Marco,2001
173,Formula Dé,1997
252526,Pictomania (Second Edition),2018
79127,Star Trek: Fleet Captains,2011
325022,Coffee Traders,2021
271529,Botanik,2021
272738,Jaws,2019
154458,Akrotiri,2014
117915,Yedo,2012
98229,Pictomania,2011
360265,Sabika,2022
303553,Skulls of Sedlec,2020
402679,Rock Hard: 1977,2024
125678,DC Deck-Building Game,2012
300753,Cross Clues,2020
94,Union Pacific,1999
166384,Spyfall,2014
148319,Tragedy Looper,2011
281466,Yedo: Deluxe Master Set,2020
199966,Kingsburg (Second Edition),2017
160851,Lanterns: The Harvest Festival,2015
318553,Rajas of the Ganges: The Dice Charmers,2020
362452,Atiwa,2022
318983,Faiyum,2020
195137,Catacombs (Third Edition),2015
238992,Call to Adventure,2019
313010,Cosmic Encounter: 42nd Anniversary Edition,2018
59946,Dungeons & Dragons: Castle Ravenloft Board Game,2010
129948,The Palaces of Carrara,2012
1345,Genoa,2001
284108,Pictures,2019
27588,Zooloretto,2007
386405,Come Sail Away!,2023
202408,Adrenaline,2016
207830,5-Minute Dungeon,2017
233262,Tidal Blades: Heroes of the Reef,2020
298065,Santa Monica,2020
148575,Marvel Dice Masters: Avengers vs. X-Men,2014
113997,Tajemnicze Domostwo,2013
340041,Kingdomino Origins,2021
309630,Small World of Warcraft,2020
245487,Orchard: 9 card solitaire game,2018
368017,Point City,2023
242804,Lowlands,2018
305682,Rolling Realms,2021
193214,Meeple Circus,2017
147151,Concept,2013
2181,Bridge,1925
35570,Tinners' Trail,2008
375651,That's Not a Hat,2023
177678,Signorie,2015
223953,Kitchen Rush,2017
270971,Era: Medieval Age,2019
335212,Sentinels of the Multiverse: Definitive Edition,2022
38054,Snow Tails,2008
24800,Conflict of Heroes: Awakening the Bear! – Russia 1941-42,2008
8051,Attika,2003
18098,"Napoleon's Triumph: The Battle of Austerlitz, 2 December 1805",2007
9440,Maharaja: The Game of Palace Building in India,2004
8203,"Hey, That's My Fish!",2003
191977,The Castles of Burgundy: The Card Game,2016
368432,The Fox Experiment,2023
408637,The Anarchy,2025
203427,Fabled Fruit,2016
108906,Thunder Alley,2014
66356,Dungeons & Dragons: Wrath of Ashardalon Board Game,2011
276894,Ticket to Ride: London,2019
201921,Tiny Epic Quest,2017
681,Quarto,1991
295607,Canopy,2021
245476,CuBirds,2018
41066,Virgin Queen,2012
212402,The Grimm Forest,2018
383499,Witchcraft!,2023
172047,The Others,2016
352697,Resist!,2022
15817,Manila,2005
154086,Gold West,2015
491,Web of Power,2000
66056,Rivals for Catan,2010
13642,Louis XIV,2005
26566,Homesteaders,2009
387514,Stonespine Architects,2024
195560,Wasteland Express Delivery Service,2017
381278,Dracula vs Van Helsing,2023
158889,Summoner Wars: Alliances Master Set,2014
153065,Linko,2014
241266,Little Town,2017
227515,Riverboat,2017
229892,Container: 10th Anniversary Jumbo Edition!,2018
342848,World of Warcraft: Wrath of the Lich King,2021
228504,Cat Lady,2017
360692,Septima,2023
139898,Brew Crafters,2013
388367,Innovation Ultimate,2025
279254,Ecos: First Continent,2019
240,Britannia,1986
322616,Comic Hunters,2020
206915,Tempel des Schreckens,2016
177524,ICECOOL,2016
106217,Hawaii,2011
169124,Flick 'em Up!,2015
40793,Dice Town,2009
151004,Smash Up: Science Fiction Double Feature,2014
287084,Oriflamme,2019
195314,Herbaceous,2017
440007,The Druids of Edora,2025
52461,Legacy: The Testament of Duke de Crecy,2013
242722,Here I Stand: 500th Anniversary Edition,2017
376683,In the Footsteps of Darwin,2023
98351,Core Worlds,2011
362986,Tribes of the Wind,2022
347137,Chronicles of Avel,2021
424774,Dorfromantik: Sakura,2024
200853,Habitats,2016
191300,Archaeology: The New Expedition,2016
284121,Uprising: Curse of the Last Emperor,2021
1382,Winner's Circle,2001
436215,The Hobbit: There and Back Again,2025
134352,Two Rooms and a Boom,2013
108784,Ascension: Storm of Souls,2011
350636,Unlock!: Game Adventures,2021
228855,Set a Watch,2019
300327,The Castles of Tuscany,2020
419195,Fishing,2024
178336,World's Fair 1893,2016
425445,Sweet Lands,2025
27976,Heroscape Master Set: Swarm of the Marro,2007
244654,Wildlands,2018
65901,Age of Industry,2010
293889,Fallout Shelter: The Board Game,2020
217861,Paper Tales,2017
37628,Haggis,2010
156689,Legendary: A Marvel Deck Building Game – Villains,2014
204027,Cottage Garden,2016
367517,La Famiglia: The Great Mafia War,2023
199383,Calimala,2017
176371,Explorers of the North Sea,2016
270871,Agemonia,2024
281194,Flick of Faith,2019
205597,Jump Drive,2017
302098,Chronicles of Crime: 1900,2021
161882,Irish Gauge,2014
66505,The Speicherstadt,2010
823,The Lord of the Rings,2000
377061,Coffee Rush,2023
242684,Reavers of Midgard,2019
82421,Summoner Wars: Phoenix Elves vs Tundra Orcs,2009
72287,Mr. Jack Pocket,2010
16992,Tsuro,2005
157403,Black Fleet,2014
397931,Deep Regrets,2025
299960,Alma Mater,2020
141517,A Study in Emerald,2013
35497,Fauna,2008
284936,Café,2020
261114,Men at Work,2018
132028,Conflict of Heroes: Awakening the Bear! – Operation Barbarossa 1941 (Second Edition),2012
306481,Tawantinsuyu: The Inca Empire,2020
230080,Majesty: For the Realm,2017
218509,Empires of the Void II,2018
104710,Wiz-War (Eighth Edition),2012
310448,Zombie Teenz Evolution,2020
358557,The Search for Lost Species,2023
425005,Everdell Duo,2025
448271,The Lord of the Rings: The Two Towers – Trick-Taking Game,2026
437306,Parks (Second Edition),2025
194517,Super Fantasy Brawl,2022
224,History of the World,1991
322622,Floriferous,2021
298638,Sheriff of Nottingham: 2nd Edition,2020
554,La Città,2000
253284,Ticket to Ride: New York,2018
359152,Marvel: Remix,2022
224597,Warhammer Underworlds: Shadespire,2017
206051,Insider,2016
171669,Discoveries: The Journals of Lewis & Clark,2015
181796,The Prodigals Club,2015
358504,Betrayal at House on the Hill: 3rd Edition,2022
294693,Nokosu Dice,2016
164949,"Time of Crisis: The Roman Empire in Turmoil, 235-284 AD",2017
182340,Star Trek: Frontiers,2016
146312,Ghost Fightin' Treasure Hunters,2013
245422,Werewords Deluxe Edition,2018
19600,Antike,2005
123570,Strike,2012
276042,Conspiracy: Abyss Universe,2019
406291,스플렌더: Pokémon (Splendor: Pokémon),2023
274124,Northgard: Uncharted Lands,2022
174570,Legendary Encounters: A Predator Deck Building Game,2015
175199,Mottainai,2015
150999,Valley of the Kings,2014
348220,Deep Rock Galactic: The Board Game,2022
271615,The Quest for El Dorado: The Golden Temples,2019
25568,Metropolys,2008
75449,Firenze,2010
411875,Pixies,2024
301767,Mysterium Park,2020
299317,Aeon's End: Outcasts,2020
347811,Too Many Bones: Unbreakable,2023
429405,Orloj: The Prague Astronomical Clock,2025
340677,Bad Company,2021
21523,Runebound: Second Edition,2005
217449,NMBR 9,2017
371932,Explorers of Navoria,2024
366994,Bonsai,2023
366162,Clever 4Ever,2022
156776,"Warhammer 40,000: Conquest",2014
200077,Mint Works,2017
200954,Fields of Green,2016
412865,Foundations of Metropolis,2024
359402,Ahoy,2022
233571,Star Wars: Legion,2018
157809,Nations: The Dice Game,2014
230933,Merlin,2017
330592,Phantom Ink,2022
208024,The Reckoners,2018
246761,Cahoots,2018
122522,Smash Up,2012
355433,boop.,2022
180680,Automobiles,2016
398,Botswana,1994
422332,Star Wars: The Deckbuilding Game – Clone Wars Edition,2024
939,Star Wars: The Queen's Gambit,2000
82420,Summoner Wars: Guild Dwarves vs Cave Goblins,2009
191231,Via Nebula,2016
328908,The Initiative,2021
273477,Obscurio,2019
95103,Fortune and Glory: The Cliffhanger Game,2011
95064,Ascension: Return of the Fallen,2011
91536,Quarriors!,2011
194880,Dream Home,2016
185589,Islebound,2016
353470,Star Wars: Jabba's Palace – A Love Letter Game,2022
173090,The Game,2015
284778,Unmatched: Jurassic Park – Dr. Sattler vs. T. Rex,2022
129736,Cockroach Poker Royal,2012
371077,Arborea,2023
256589,Rallyman: GT,2020
252752,Genotype: A Mendelian Genetics Game,2021
223750,Hardback,2018
130176,Tales & Games: The Hare & the Tortoise,2011
232918,Fallout,2017
145639,Coconuts,2013
281526,The Isofarian Guard,2023
351526,Encyclopedia,2022
136991,Loony Quest,2015
206931,Encore!,2016
198454,When I Dream,2016
131646,Merchant of Venus (Second Edition),2012
35052,Axis & Allies Anniversary Edition,2008
373167,20 Strong,2023
24068,Shadow Hunters,2005
6830,Zendo,2001
310632,Dice Miner,2021
97903,Terror in Meeple City,2013
221,Ikusa,1986
342562,ROVE: Results-Oriented Versatile Explorer,2021
207691,Railroad Revolution,2016
407343,Ironwood,2024
165838,Space Hulk (Fourth Edition),2014
168917,Smash Up: Pretty Pretty Smash Up,2015
171233,The Big Book of Madness,2015
302425,Unlock!: Mythic Adventures,2020
141423,Dead Men Tell No Tales,2015
55427,Mr. Jack in New York,2009
311715,Mini Rogue,2020
268586,6 nimmt! 25 Jahre,2019
340325,Vagrantsong,2022
127518,A Distant Plain,2013
297985,Battle Line: Medieval,2017
344554,Décorum,2022
386166,Santorini: Pantheon Edition,2025
278,Catan Card Game,1996
17329,Animal Upon Animal,2005
163154,Falling Sky: The Gallic Revolt Against Caesar,2016
326933,Unmatched: Redemption Row,2022
161866,Zombicide Season 3: Rue Morgue,2015
104363,Rex: Final Days of an Empire,2012
449185,FlipToons,2025
158275,Marvel Dice Masters: Uncanny X-Men,2014
309110,Food Chain Island,2020
341530,Super Mega Lucky Box,2021
69779,Polis: Fight for the Hegemony,2012
392023,Mycelia,2023
66837,1862: Railway Mania in the Eastern Counties,2013
327,Loopin' Louie,1992
72225,CO₂,2012
22825,Tide of Iron,2007
1608,Ambush!,1983
160018,Smash Up: Monster Smash,2014
18100,China,2005
345976,System Gateway (fan expansion for Android: Netrunner),2021
225482,Seas of Strife,2015
354,Stick 'Em,1993
142326,Eight-Minute Empire: Legends,2013
145371,Three Kingdoms Redux,2014
60,Vinci,1999
268620,Similo,2019
350205,Horseless Carriage,2023
298102,Roll Camera!: The Filmmaking Board Game,2021
244536,Tiny Epic Zombies,2018
301257,Maglev Metro,2021
271869,Sushi Roll,2019
37836,"Julius Caesar: Caesar, Pompey, and the Roman Civil War",2010
833,For the People,1998
365104,Planted: A Game of Nature & Nurture,2022
382518,Sankoré: The Pride of Mansa Musa,2024
403754,Middle Ages,2024
1115,Poker,1810
326934,Unmatched: Hell's Kitchen,2022
5737,Domaine,2003
176544,Automania,2015
154246,La Isla,2014
222514,Batman: Gotham City Chronicles,2019
180899,Ponzi Scheme,2015
244049,Forum Trajanum,2018
240855,Lockup: A Roll Player Tale,2019
43443,Castle Panic,2009
241477,Karak,2017
426513,Emberleaf,2025
1301,Netrunner,1996
91080,Andean Abyss,2012
338093,Ancient Knowledge,2023
207243,The City of Kings,2018
447174,A Wild Venture,2025
213266,Circle the Wagons,2017
233961,Claim,2017
338628,Trails,2021
338376,A Gest of Robin Hood,2024
282954,Paris,2020
256606,Spirits of the Wild,2018
551,Battle Cry,1999
291859,Riftforce,2021
229265,Wendake,2017
369646,Disney Lorcana,2023
1822,Wilderness War,2001
183571,Deep Space D-6,2015
254127,Europa Universalis: The Price of Power,2023
137297,Rise of Augustus,2013
331820,Rolling Heights,2023
163642,Chimera Station,2017
314088,Agropolis,2021
234669,Legacy of Dragonholt,2017
188547,Maximum Apocalypse,2018
408547,Things in Rings,2024
44163,Power Grid: Factory Manager,2009
192074,Odin's Ravens (Second Edition),2016
218421,Street Masters,2018
82168,Escape from the Aliens in Outer Space,2010
378387,Inventors of the South Tigris,2024
302388,Back to the Future: Back in Time,2020
152162,Diamonds,2014
332386,Brew,2021
85897,Thunderstone: Dragonspire,2011
8989,Hansa,2004
183880,Risk: Star Wars Edition,2015
71671,Yggdrasil,2011
366683,Raising Robots,2023
140933,Blueprints,2013
293835,Oltréé,2021
344258,That Time You Killed Me,2021
228660,Betrayal at Baldur's Gate,2017
207336,Honshū,2016
197070,Massive Darkness,2017
45986,Stronghold,2009
312859,Townsfolk Tussle,2022
295785,Euthia: Torment of Resurrection,2021
149155,Dead Man's Draw,2014
386937,Lacuna,2023
393307,Tower Up,2024
364766,MicroMacro: Crime City – All In,2022
257614,Tussie Mussie,2019
156091,Sons of Anarchy: Men of Mayhem,2014
339958,Gutenberg,2021
164265,Witness,2014
318472,Blood Bowl: Second Season Edition,2020
298371,Wild Space,2020
16395,Blokus Duo,2005
364655,Kinfire Chronicles: Night's Fall,2023
105,Colossal Arena,1997
104020,Vanuatu,2011
219101,Pavlov's House,2018
257518,Claustrophobia 1643,2019
184151,Legend of the Five Rings: The Card Game,2017
404538,Kinfire Delve: Scorn's Stockade,2024
358124,Mists over Carcassonne,2022
22141,Cleopatra and the Society of Architects,2006
272380,SHŌBU,2019
124,Primordial Soup,1997
13823,Fairy Tale,2004
34084,Witch's Brew,2008
216092,Unlock!: Escape Adventures – Squeek & Sausage,2017
231484,Carnival of Monsters,2019
226520,EXIT: The Game – The Sinister Mansion,2018
327711,It's a Wonderful Kingdom,2021
195162,Plague Inc.: The Board Game,2017
83195,Ghost Blitz,2010
256997,Perseverance: Castaway Chronicles – Episodes 1 & 2,2022